{
  "project_info": {
    "project_number": "418016562956",
    "firebase_url": "https://khaled1150278.firebaseio.com",
    "project_id": "khaled1150278",
    "storage_bucket": "khaled1150278.appspot.com"
  },
  "client": [
    {
      "client_info": {
        "mobilesdk_app_id": "1:418016562956:android:1a27702c4a397b72714329",
        "android_client_info": {
          "package_name": "com.example.androidserver"
        }
      },
      "oauth_client": [
        {
          "client_id": "418016562956-quntr056haia9es9acsoqrjoqg7mqo8m.apps.googleusercontent.com",
          "client_type": 1,
          "android_info": {
            "package_name": "com.example.androidserver",
            "certificate_hash": "976f07a4e36a8e67916b1512447c3c2d910af4e8"
          }
        },
        {
          "client_id": "418016562956-p6s68h7qkmpv0cs0ctts6cmqv808u8ip.apps.googleusercontent.com",
          "client_type": 3
        }
      ],
      "api_key": [
        {
          "current_key": "AIzaSyBbvKRJOOWHqe0gbyh8aefGJbKOZ9cRGQo"
        }
      ],
      "services": {
        "appinvite_service": {
          "other_platform_oauth_client": [
            {
              "client_id": "418016562956-p6s68h7qkmpv0cs0ctts6cmqv808u8ip.apps.googleusercontent.com",
              "client_type": 3
            }
          ]
        }
      }
    }
  ],
  "configuration_version": "1"
}